Workbook

Sheet Dashboard
B2: 30 CAFES BALI CHALLENGE
B4: 30 Days. 30 Cafes. 1 Camera.
B6: PROGRESS
B7: =IF(COUNTIF('Bucket List'!$F$3:$F$32,"Sudah")>=1*3,"█","░") | C7: =IF(COUNTIF('Bucket List'!$F$3:$F$32,"Sudah")>=2*3,"█","░") | D7: =IF(COUNTIF('Bucket List'!$F$3:$F$32,"Sudah")>=3*3,"█","░") | E7: =IF(COUNTIF('Bucket List'!$F$3:$F$32,"Sudah")>=4*3,"█","░") | F7: =IF(COUNTIF('Bucket List'!$F$3:$F$32,"Sudah")>=5*3,"█","░") | G7: =IF(COUNTIF('Bucket List'!$F$3:$F$32,"Sudah")>=6*3,"█","░") | H7: =IF(COUNTIF('Bucket List'!$F$3:$F$32,"Sudah")>=7*3,"█","░") | I7: =IF(COUNTIF('Bucket List'!$F$3:$F$32,"Sudah")>=8*3,"█","░") | J7: =IF(COUNTIF('Bucket List'!$F$3:$F$32,"Sudah")>=9*3,"█","░") | K7: =IF(COUNTIF('Bucket List'!$F$3:$F$32,"Sudah")>=10*3,"█","░")
B8: =COUNTIF('Bucket List'!$F$3:$F$32,"Sudah")&" of 30 cafes visited ("&TEXT(COUNTIF('Bucket List'!$F$3:$F$32,"Sudah")/30,"0%")&")"
B10: SUMMARY STATS
B12: Total Cafe Dikunjungi | H12: CHALLENGE INFO
B13: =COUNTIF('Bucket List'!F3:F32,"Sudah") | H13: Camera | J13: Fujifilm X-S20
B14: Total Post Live | H14: Editor | J14: Lightroom + CapCut
B15: =COUNTIF('Content Tracker'!H3:H32,"Live")+COUNTIF('Content Tracker'!I3:I32,"Live") | H15: Location | J15: Bali, Indonesia
B16: Total Hari Tersisa | H16: Target | J16: 7 photos + 1 reels per cafe
B17: =30-COUNTIF('Bucket List'!F3:F32,"Sudah") | H17: Instagram | J17: @fazar_nr
B18: Best Engagement (Likes) | H18: Duration | J18: 30 days
B19: =IFERROR(MAX('Content Tracker'!K3:K32),0)
B22: Fill in the other sheets — this dashboard updates automatically.

Sheet Bucket List
A1: BUCKET LIST — 30 CAFES BALI
A2: No | B2: Nama Cafe | C2: Area | D2: Instagram Cafe | E2: Vibe | F2: Status | G2: Tanggal Kunjungan | H2: Rating | I2: Notes
A3: 1 | B3: Crate Cafe | C3: Canggu | D3: @cratecafe | E3: Industrial | F3: Belum
A4: 2 | B4: Milk & Madu | C4: Canggu | D4: @milkandmadu | E4: Rustic | F4: Belum
A5: 3 | B5: Nook Bali | C5: Seminyak | D5: @nook_bali | E5: Nature | F5: Belum
A6: 4 | B6: Revolver Espresso | C6: Seminyak | D6: @revolverespresso | E6: Industrial | F6: Belum
A7: 5 | B7: Sisterfields | C7: Seminyak | D7: @sisterfieldsbali | E7: Modern | F7: Belum
A8: 6 | B8: Cafe Organic | C8: Seminyak | D8: @cafeorganicbali | E8: Cozy | F8: Belum
A9: 7 | B9: Alchemy Bali | C9: Ubud | D9: @alchemybali | E9: Nature | F9: Belum
A10: 8 | B10: Kismet Ubud | C10: Ubud | D10: @kismet_ubud | E10: Cozy | F10: Belum
A11: 9 | B11: Seniman Coffee | C11: Ubud | D11: @senimancoffee | E11: Rustic | F11: Belum
A12: 10 | B12: Genius Cafe | C12: Sanur | D12: @geniuscafebali | E12: Modern | F12: Belum
A13: 11 | F13: Belum
A14: 12 | F14: Belum
A15: 13 | F15: Belum
A16: 14 | F16: Belum
A17: 15 | F17: Belum
A18: 16 | F18: Belum
A19: 17 | F19: Belum
A20: 18 | F20: Belum
A21: 19 | F21: Belum
A22: 20 | F22: Belum
A23: 21 | F23: Belum
A24: 22 | F24: Belum
... A32: 30 | F32: Belum

Sheet Content Tracker
A1: CONTENT TRACKER — 30 DAYS
A2: Hari ke- | B2: Tanggal | C2: Nama Cafe | D2: Jumlah Foto Diambil | E2: Jumlah Foto Terpilih | F2: Film Simulation | G2: Kondisi Cahaya | H2: Reels Status | I2: Carousel Status | J2: Link Post Instagram | K2: Likes | L2: Views Reels | M2: Comments | N2: Engagement Rate (%)
A3: 1 | E3: 7 | H3: Belum | I3: Belum | N3: =IFERROR((K3+M3)/L3*100,0)
A4: 2 | E4: 7 | H4: Belum | I4: Belum | N4: =IFERROR((K4+M4)/L4*100,0)
A5: 3 | E5: 7 | H5: Belum | I5: Belum | N5: =IFERROR((K5+M5)/L5*100,0)
A6: 4 | E6: 7 | H6: Belum | I6: Belum | N6: =IFERROR((K6+M6)/L6*100,0)
A7: 5 | E7: 7 | H7: Belum | I7: Belum | N7: =IFERROR((K7+M7)/L7*100,0)
A8: 6 | E8: 7 | H8: Belum | I8: Belum | N8: =IFERROR((K8+M8)/L8*100,0)
A9: 7 | E9: 7 | H9: Belum | I9: Belum | N9: =IFERROR((K9+M9)/L9*100,0)
A10: 8 | E10: 7 | H10: Belum | I10: Belum | N10: =IFERROR((K10+M10)/L10*100,0)
A11: 9 | E11: 7 | H11: Belum | I11: Belum | N11: =IFERROR((K11+M11)/L11*100,0)
A12: 10 | E12: 7 | H12: Belum | I12: Belum | N12: =IFERROR((K12+M12)/L12*100,0)
A13: 11 | E13: 7 | H13: Belum | I13: Belum | N13: =IFERROR((K13+M13)/L13*100,0)
A14: 12 | E14: 7 | H14: Belum | I14: Belum | N14: =IFERROR((K14+M14)/L14*100,0)
... A32: 30 | E32: 7 | H32: Belum | I32: Belum | N32: =IFERROR((K32+M32)/L32*100,0)

Sheet Weekly Review
A1: WEEKLY REVIEW
A3: Week | B3: Days | C3: Total Cafe | D3: Total Engagement | E3: Avg Likes / Post | F3: Best Performing Cafe | G3: Top Film Simulation
A4: Week 1 | B4: 1-7 | C4: =COUNTA('Content Tracker'!C3:C9) | D4: =SUM('Content Tracker'!K3:K9)+SUM('Content Tracker'!M3:M9) | E4: =IFERROR(AVERAGE('Content Tracker'!K3:K9),0) | F4: =IFERROR(INDEX('Content Tracker'!C3:C9,MATCH(MAX('Content Tracker'!K3:K9),'Content Tracker'!K3:K9,0)),"—") | G4: =IFERROR(INDEX('Content Tracker'!F3:F9,MATCH(MAX(COUNTIF('Content Tracker'!F3:F9,'Content Tracker'!F3:F9)),COUNTIF('Content Tracker'!F3:F9,'Content Tracker'!F3:F9),0)),"—")
A5: Week 2 | B5: 8-14 | C5: =COUNTA('Content Tracker'!C10:C16) | D5: =SUM('Content Tracker'!K10:K16)+SUM('Content Tracker'!M10:M16) | E5: =IFERROR(AVERAGE('Content Tracker'!K10:K16),0) | F5: =IFERROR(INDEX('Content Tracker'!C10:C16,MATCH(MAX('Content Tracker'!K10:K16),'Content Tracker'!K10:K16,0)),"—") | G5: =IFERROR(INDEX('Content Tracker'!F10:F16,MATCH(MAX(COUNTIF('Content Tracker'!F10:F16,'Content Tracker'!F10:F16)),COUNTIF('Content Tracker'!F10:F16,'Content Tracker'!F10:F16),0)),"—")
A6: Week 3 | B6: 15-21 | C6: =COUNTA('Content Tracker'!C17:C23) | D6: =SUM('Content Tracker'!K17:K23)+SUM('Content Tracker'!M17:M23) | E6: =IFERROR(AVERAGE('Content Tracker'!K17:K23),0) | F6: =IFERROR(INDEX('Content Tracker'!C17:C23,MATCH(MAX('Content Tracker'!K17:K23),'Content Tracker'!K17:K23,0)),"—") | G6: =IFERROR(INDEX('Content Tracker'!F17:F23,MATCH(MAX(COUNTIF('Content Tracker'!F17:F23,'Content Tracker'!F17:F23)),COUNTIF('Content Tracker'!F17:F23,'Content Tracker'!F17:F23),0)),"—")
A7: Week 4 | B7: 22-30 | C7: =COUNTA('Content Tracker'!C24:C32) | D7: =SUM('Content Tracker'!K24:K32)+SUM('Content Tracker'!M24:M32) | E7: =IFERROR(AVERAGE('Content Tracker'!K24:K32),0) | F7: =IFERROR(INDEX('Content Tracker'!C24:C32,MATCH(MAX('Content Tracker'!K24:K32),'Content Tracker'!K24:K32,0)),"—") | G7: =IFERROR(INDEX('Content Tracker'!F24:F32,MATCH(MAX(COUNTIF('Content Tracker'!F24:F32,'Content Tracker'!F24:F32)),COUNTIF('Content Tracker'!F24:F32,'Content Tracker'!F24:F32),0)),"—")
A8: TOTAL | B8: 1-30 | C8: =SUM(C4:C7) | D8: =SUM(D4:D7) | E8: =IFERROR(AVERAGE('Content Tracker'!K3:K32),0) | F8: =IFERROR(INDEX('Content Tracker'!C3:C32,MATCH(MAX('Content Tracker'!K3:K32),'Content Tracker'!K3:K32,0)),"—") | G8: =IFERROR(INDEX('Content Tracker'!F3:F32,MATCH(MAX(COUNTIF('Content Tracker'!F3:F32,'Content Tracker'!F3:F32)),COUNTIF('Content Tracker'!F3:F32,'Content Tracker'!F3:F32),0)),"—")
A11: Auto-generated from Content Tracker. Fill likes, views, comments there.

Sheet Gear Checklist
A1: GEAR CHECKLIST — DAILY
A2: =COUNTIF(B5:B15,"Ready")&" / 11 items ready"
A4: Item | B4: Status | C4: Notes
A5: Fujifilm X-S20 | B5: Belum
A6: Baterai 1 (charged) | B6: Belum
A7: Baterai 2 (charged) | B7: Belum
A8: Memory Card 64GB | B8: Belum
A9: Lensa terpasang | B9: Belum
A10: Mic Saramonic | B10: Belum
A11: iPad (CapCut) | B11: Belum
A12: Laptop MSI (backup) | B12: Belum
A13: Lightroom preset ready | B13: Belum
A14: List cafe hari ini | B14: Belum
A15: Tripod/gorilla pod (optional) | B15: Belum
A17: Reset semua status ke 'Belum' setiap pagi sebelum berangkat.
